{
  "lastUpdated": "2026-02-13T18:44:28.891Z",
  "count": 6,
  "results": [
    {
      "area": "North Lochs",
      "dates": [
        "February 12th",
        "March 5th",
        "March 26th",
        "April 16th",
        "May 7th",
        "May 28th",
        "June 18th"
      ],
      "coverage": ""
    },
    {
      "area": "Tong / Newmarket",
      "dates": [
        "February 12th",
        "March 5th",
        "March 26th",
        "April 16th",
        "May 7th",
        "May 28th",
        "June 18th"
      ],
      "coverage": ""
    },
    {
      "area": "Galson",
      "dates": [
        "January 29th",
        "February 19th",
        "March 12th",
        "April 2nd",
        "April 23rd",
        "May 14th",
        "June 4th",
        "June 25th"
      ],
      "coverage": ""
    },
    {
      "area": "Leverburgh",
      "dates": [
        "January 29th",
        "February 19th",
        "March 12th",
        "April 2nd",
        "April 23rd",
        "May 14th",
        "June 4th",
        "June 25th"
      ],
      "coverage": ""
    },
    {
      "area": "Ness",
      "dates": [
        "February 5th",
        "February 26th",
        "March 19th",
        "April 9th",
        "April 30th",
        "May 21st",
        "June 11th"
      ],
      "coverage": ""
    },
    {
      "area": "Harris Bays",
      "dates": [
        "February 5th",
        "February 26th",
        "March 19th",
        "April 9th",
        "April 30th",
        "May 21st",
        "June 11th"
      ],
      "coverage": ""
    }
  ]
}